sunject,id,logMAR,eye,group,order
by,AA1,0.08,OS,anomalous,pre
co,AA2,-0.02,OS,anomalous,pre
ky,AA3,-0.1,OS,anomalous,pre
mb,AA4,0.02,OS,anomalous,pre
mg,AMS1,0.44,OS,anomalous,pre
bb,AS1,0.02,OS,anomalous,pre
et,AS2,0.14,OS,anomalous,pre
kp,AS3,0.02,OS,anomalous,pre
tp,AS4,0.02,OS,anomalous,pre
jz,ASW1,-0.06,OS,anomalous,pre
ah,N1,-0.08,OS,normal,pre
sm,N9,-0.1,OS,normal,pre
sr,N10,-0.2,OS,normal,pre
aj,N2,0,OS,normal,pre
dd,N3,0,OS,normal,pre
dl,N4,0.06,OS,normal,pre
ez,N5,-0.04,OS,normal,pre
it,N6,-0.08,OS,normal,pre
ll,N7,0,OS,normal,pre
sh,N8,0,OS,normal,pre
by,AA1,-0.1,OD,anomalous,pre
co,AA2,0.12,OD,anomalous,pre
ky,AA3,-0.02,OD,anomalous,pre
mb,AA4,0.34,OD,anomalous,pre
mg,AMS1,0.14,OD,anomalous,pre
bb,AS1,0,OD,anomalous,pre
et,AS2,0.02,OD,anomalous,pre
kp,AS3,0.04,OD,anomalous,pre
tp,AS4,0.12,OD,anomalous,pre
jz,ASW1,-0.02,OD,anomalous,pre
ah,N1,-0.08,OD,normal,pre
sm,N9,-0.08,OD,normal,pre
sr,N10,-0.1,OD,normal,pre
aj,N2,0,OD,normal,pre
dd,N3,0.04,OD,normal,pre
dl,N4,0.08,OD,normal,pre
ez,N5,-0.04,OD,normal,pre
it,N6,-0.06,OD,normal,pre
ll,N7,-0.04,OD,normal,pre
sh,N8,0.02,OD,normal,pre
by,AA1,-0.08,OU,anomalous,pre
co,AA2,-0.02,OU,anomalous,pre
ky,AA3,-0.2,OU,anomalous,pre
mb,AA4,-0.06,OU,anomalous,pre
mg,AMS1,0.14,OU,anomalous,pre
bb,AS1,0,OU,anomalous,pre
et,AS2,0.04,OU,anomalous,pre
kp,AS3,0,OU,anomalous,pre
tp,AS4,0.02,OU,anomalous,pre
jz,ASW1,-0.08,OU,anomalous,pre
ah,N1,-0.2,OU,normal,pre
sm,N9,-0.1,OU,normal,pre
sr,N10,-0.2,OU,normal,pre
aj,N2,-0.06,OU,normal,pre
dd,N3,-0.06,OU,normal,pre
dl,N4,0,OU,normal,pre
ez,N5,-0.06,OU,normal,pre
it,N6,-0.08,OU,normal,pre
ll,N7,-0.08,OU,normal,pre
sh,N8,-0.06,OU,normal,pre
by,AA1,0.08,OS,anomalous,post
co,AA2,-0.1,OS,anomalous,post
ky,AA3,-0.08,OS,anomalous,post
mb,AA4,0.02,OS,anomalous,post
mg,AMS1,0.48,OS,anomalous,post
bb,AS1,0.02,OS,anomalous,post
et,AS2,0.02,OS,anomalous,post
kp,AS3,0.02,OS,anomalous,post
tp,AS4,0.02,OS,anomalous,post
jz,ASW1,-0.04,OS,anomalous,post
ah,N1,-0.14,OS,normal,post
sm,N9,-0.18,OS,normal,post
sr,N10,-0.1,OS,normal,post
aj,N2,-0.08,OS,normal,post
dd,N3,-0.04,OS,normal,post
dl,N4,-0.1,OS,normal,post
ez,N5,0,OS,normal,post
it,N6,0,OS,normal,post
ll,N7,0.06,OS,normal,post
sh,N8,0.12,OS,normal,post
by,AA1,-0.04,OD,anomalous,post
co,AA2,0.12,OD,anomalous,post
ky,AA3,0.02,OD,anomalous,post
mb,AA4,0.32,OD,anomalous,post
mg,AMS1,0.08,OD,anomalous,post
bb,AS1,0.14,OD,anomalous,post
et,AS2,0.02,OD,anomalous,post
kp,AS3,0.02,OD,anomalous,post
tp,AS4,0.12,OD,anomalous,post
jz,ASW1,0.02,OD,anomalous,post
ah,N1,-0.08,OD,normal,post
sm,N9,-0.02,OD,normal,post
sr,N10,-0.08,OD,normal,post
aj,N2,0.02,OD,normal,post
dd,N3,0,OD,normal,post
dl,N4,-0.1,OD,normal,post
ez,N5,0.02,OD,normal,post
it,N6,-0.08,OD,normal,post
ll,N7,0.22,OD,normal,post
sh,N8,0.14,OD,normal,post
by,AA1,-0.1,OU,anomalous,post
co,AA2,-0.08,OU,anomalous,post
ky,AA3,-0.1,OU,anomalous,post
mb,AA4,0.02,OU,anomalous,post
mg,AMS1,0.14,OU,anomalous,post
bb,AS1,0.02,OU,anomalous,post
et,AS2,0,OU,anomalous,post
kp,AS3,-0.1,OU,anomalous,post
tp,AS4,0,OU,anomalous,post
jz,ASW1,-0.04,OU,anomalous,post
ah,N1,-0.2,OU,normal,post
sm,N9,-0.2,OU,normal,post
sr,N10,-0.1,OU,normal,post
aj,N2,-0.08,OU,normal,post
dd,N3,-0.08,OU,normal,post
dl,N4,-0.1,OU,normal,post
ez,N5,0,OU,normal,post
it,N6,-0.08,OU,normal,post
ll,N7,0,OU,normal,post
sh,N8,0.02,OU,normal,post
